# Name,   Type, SubType, Offset,  Size, Flags
# Note: if you have increased the bootloader size, make sure to update the offsets to avoid overlap
nvsfactory, data,   nvs,        ,     200K,
nvs,        data,   nvs,        ,     840K,
otadata,    data,   ota,        ,     0x2000,
phy_init,   data,   phy,        ,     0x1000,
# ESP-SR memory-maps this image; keep it below 16 MiB on Quad Flash.
model,    data, spiffs,         ,     0xF0000,
factory,  app,  factory,        0x00200000,     8M,
storage,  data, spiffs,         ,     6M,
